brand,model,description_en,category,image_filename,description_en,description_es
Bajaj,Boxer (CT100 / BM150),Accelerator cable,Accelerator cable,boxeracccable.jpeg,Accelerator cable,Cable de acelerador
Bajaj,Boxer (CT100 / BM150),Brake cable,Brake cable,boxerbrakecable.png,Brake cable,Cable de freno
Bajaj,Boxer (CT100 / BM150),Clutch cable,Clutch cable,boxerclutchcable.jpeg,Clutch cable,Cable de embrague
Bajaj,Boxer (CT100 / BM150),Speedometer cable,Speedometer cable,boxermtrcable.png,Speedometer cable,Cable de velocímetro
Bajaj,Boxer (CT100 / BM150),Brake shoes,Brake shoes,bajajbrakeshoe.png,Brake shoes,Bandas de freno
Bajaj,Boxer (CT100 / BM150),Clutch friction plates,Clutch plates,clutchplate.png,Clutch friction plates,Discos de embrague
Bajaj,Boxer (CT100 / BM150),Clutch pressure plate,Pressure plate,pressureplate.png,Clutch pressure plate,Plato de presión
Bajaj,Boxer (CT100 / BM150),Complete clutch assembly,Clutch assembly,boxerclutchassy.png,Complete clutch assembly,Conjunto de embrague (kit)
Bajaj,Boxer (CT100 / BM150),Front shock absorbers / fork,Front shock absorbers,boxerfrontshocker.png,Front shock absorbers / fork,Amortiguadores delanteros (barras)
Bajaj,Boxer (CT100 / BM150),Rear shock absorbers,Rear shock absorbers,boxerrearshocker.jpeg,Rear shock absorbers,Amortiguadores traseros
Bajaj,Boxer (CT100 / BM150),Brake lever,Brake lever,boxerlever.jpeg,Brake lever,Maneta de freno
Bajaj,Boxer (CT100 / BM150),Clutch lever,Clutch lever,boxerlever.jpeg,Clutch lever,Maneta de embrague
Bajaj,Boxer (CT100 / BM150),Turn-signal indicators,Indicators,boxerind.png,Turn-signal indicators,Direccionales (intermitentes)
Bajaj,Boxer (CT100 / BM150),Right handlebar switch,RH handlebar switch,boxerhlrh.png,Right handlebar switch,Mando derecho de manubrio
Bajaj,Boxer (CT100 / BM150),Left handlebar switch,LH handlebar switch,boxerhllh.png,Left handlebar switch,Mando izquierdo de manubrio
Bajaj,Boxer (CT100 / BM150),CDI ignition module,CDI unit,boxercdi.png,CDI ignition module,Módulo CDI
Bajaj,Boxer (CT100 / BM150),Ignition (HT) coil,Ignition coil,boxerhtcoil.png,Ignition (HT) coil,Bobina de encendido
Bajaj,Boxer (CT100 / BM150),Ignition lock set,Lockset,boxerlockset.png,Ignition lock set,Juego de cerraduras (switch de encendido)
Bajaj,Boxer (CT100 / BM150),Rear-view mirrors,Mirrors,boxermirror.jpeg,Rear-view mirrors,Espejos retrovisores
Bajaj,Boxer (CT100 / BM150),Headlight bulb,Headlight bulb,hlbulb.jpeg,Headlight bulb,Bombillo de faro
Bajaj,Boxer (CT100 / BM150),Spark plug,Spark plug,sparkplug.png,Spark plug,Bujía
Bajaj,Boxer (CT100 / BM150),Oil filter,Oil filter,oilfilter.jpeg,Oil filter,Filtro de aceite
Bajaj,Boxer (CT100 / BM150),Air filter element,Air filter,airfilter.jpeg,Air filter element,Filtro de aire
Bajaj,Boxer (CT100 / BM150),Cylinder block,Cylinder block,boxerblock.png,Cylinder block,Cilindro (bloque)
Bajaj,Boxer (CT100 / BM150),Engine valves,Valves,valve.jpeg,Engine valves,Válvulas
Bajaj,Boxer (CT100 / BM150),Bearings,Bearings,bearing.png,Bearings,Rodamientos (baleros)
Bajaj,Boxer (CT100 / BM150),Chain and sprocket kit,Chain & sprocket kit,boxerchain.png,Chain and sprocket kit,Kit de arrastre (cadena y piñón)
Bajaj,Boxer (CT100 / BM150),Oil seal set,Oil seals,oilseal.png,Oil seal set,Retenes
Bajaj,Boxer (CT100 / BM150),Timing chain kit,Timing chain kit,timingchain.png,Timing chain kit,Kit de distribución (cadenilla)
Bajaj,Pulsar 150/180,Accelerator cable,Accelerator cable,boxeracccable.jpeg,Accelerator cable,Cable de acelerador
Bajaj,Pulsar 150/180,Brake cable,Brake cable,boxerbrakecable.png,Brake cable,Cable de freno
Bajaj,Pulsar 150/180,Clutch cable,Clutch cable,pulsarclutchcable.png,Clutch cable,Cable de embrague
Bajaj,Pulsar 150/180,Speedometer cable,Speedometer cable,boxermtrcable.png,Speedometer cable,Cable de velocímetro
Bajaj,Pulsar 150/180,Brake shoes,Brake shoes,bajajbrakeshoe.png,Brake shoes,Bandas de freno
Bajaj,Pulsar 150/180,Clutch friction plates,Clutch plates,clutchplate.png,Clutch friction plates,Discos de embrague
Bajaj,Pulsar 150/180,Clutch pressure plate,Pressure plate,pressureplate.png,Clutch pressure plate,Plato de presión
Bajaj,Pulsar 150/180,Complete clutch assembly,Clutch assembly,pulsarclutchassy.png,Complete clutch assembly,Conjunto de embrague (kit)
Bajaj,Pulsar 150/180,Front shock absorbers / fork,Front shock absorbers,pulsarfrshock.png,Front shock absorbers / fork,Amortiguadores delanteros (barras)
Bajaj,Pulsar 150/180,Rear shock absorbers,Rear shock absorbers,pulsarrearshock.png,Rear shock absorbers,Amortiguadores traseros
Bajaj,Pulsar 150/180,Brake lever,Brake lever,boxerlever.jpeg,Brake lever,Maneta de freno
Bajaj,Pulsar 150/180,Clutch lever,Clutch lever,boxerlever.jpeg,Clutch lever,Maneta de embrague
Bajaj,Pulsar 150/180,Turn-signal indicators,Indicators,pulsarind.jpeg,Turn-signal indicators,Direccionales (intermitentes)
Bajaj,Pulsar 150/180,Right handlebar switch,RH handlebar switch,pulsarrhhl.png,Right handlebar switch,Mando derecho de manubrio
Bajaj,Pulsar 150/180,Left handlebar switch,LH handlebar switch,pulsarlhhl.png,Left handlebar switch,Mando izquierdo de manubrio
Bajaj,Pulsar 150/180,CDI ignition module,CDI unit,pulsarcdi.png,CDI ignition module,Módulo CDI
Bajaj,Pulsar 150/180,Ignition (HT) coil,Ignition coil,boxerhtcoil.png,Ignition (HT) coil,Bobina de encendido
Bajaj,Pulsar 150/180,Ignition lock set,Lockset,pulsarlockset.jpeg,Ignition lock set,Juego de cerraduras (switch de encendido)
Bajaj,Pulsar 150/180,Rear-view mirrors,Mirrors,pulsarmirror.jpeg,Rear-view mirrors,Espejos retrovisores
Bajaj,Pulsar 150/180,Headlight bulb,Headlight bulb,hlbulb.jpeg,Headlight bulb,Bombillo de faro
Bajaj,Pulsar 150/180,Spark plug,Spark plug,sparkplug.png,Spark plug,Bujía
Bajaj,Pulsar 150/180,Oil filter,Oil filter,oilfilter.jpeg,Oil filter,Filtro de aceite
Bajaj,Pulsar 150/180,Air filter element,Air filter,airfilter.jpeg,Air filter element,Filtro de aire
Bajaj,Pulsar 150/180,Cylinder block,Cylinder block,pulsarblock.jpeg,Cylinder block,Cilindro (bloque)
Bajaj,Pulsar 150/180,Engine valves,Valves,valve.jpeg,Engine valves,Válvulas
Bajaj,Pulsar 150/180,Bearings,Bearings,bearing.png,Bearings,Rodamientos (baleros)
Bajaj,Pulsar 150/180,Chain and sprocket kit,Chain & sprocket kit,boxerchain.png,Chain and sprocket kit,Kit de arrastre (cadena y piñón)
Bajaj,Pulsar 150/180,Oil seal set,Oil seals,oilseal.png,Oil seal set,Retenes
Bajaj,Pulsar 150/180,Timing chain kit,Timing chain kit,timingchain.png,Timing chain kit,Kit de distribución (cadenilla)
Bajaj,Discover / Platina,Accelerator cable,Accelerator cable,boxeracccable.jpeg,Accelerator cable,Cable de acelerador
Bajaj,Discover / Platina,Brake cable,Brake cable,boxerbrakecable.png,Brake cable,Cable de freno
Bajaj,Discover / Platina,Clutch cable,Clutch cable,boxerclutchcable.jpeg,Clutch cable,Cable de embrague
Bajaj,Discover / Platina,Speedometer cable,Speedometer cable,boxermtrcable.png,Speedometer cable,Cable de velocímetro
Bajaj,Discover / Platina,Brake shoes,Brake shoes,bajajbrakeshoe.png,Brake shoes,Bandas de freno
Bajaj,Discover / Platina,Clutch friction plates,Clutch plates,clutchplate.png,Clutch friction plates,Discos de embrague
Bajaj,Discover / Platina,Clutch pressure plate,Pressure plate,pressureplate.png,Clutch pressure plate,Plato de presión
Bajaj,Discover / Platina,Complete clutch assembly,Clutch assembly,boxerclutchassy.png,Complete clutch assembly,Conjunto de embrague (kit)
Bajaj,Discover / Platina,Front shock absorbers / fork,Front shock absorbers,platinafrshocker.png,Front shock absorbers / fork,Amortiguadores delanteros (barras)
Bajaj,Discover / Platina,Rear shock absorbers,Rear shock absorbers,boxerrearshocker.jpeg,Rear shock absorbers,Amortiguadores traseros
Bajaj,Discover / Platina,Brake lever,Brake lever,boxerlever.jpeg,Brake lever,Maneta de freno
Bajaj,Discover / Platina,Clutch lever,Clutch lever,boxerlever.jpeg,Clutch lever,Maneta de embrague
Bajaj,Discover / Platina,Turn-signal indicators,Indicators,platinaind.png,Turn-signal indicators,Direccionales (intermitentes)
Bajaj,Discover / Platina,Right handlebar switch,RH handlebar switch,platinarhswitch.jpeg,Right handlebar switch,Mando derecho de manubrio
Bajaj,Discover / Platina,Left handlebar switch,LH handlebar switch,platinalhswitch.png,Left handlebar switch,Mando izquierdo de manubrio
Bajaj,Discover / Platina,CDI ignition module,CDI unit,discovercdi.png,CDI ignition module,Módulo CDI
Bajaj,Discover / Platina,Ignition (HT) coil,Ignition coil,boxerhtcoil.png,Ignition (HT) coil,Bobina de encendido
Bajaj,Discover / Platina,Ignition lock set,Lockset,discoverlockset.jpeg,Ignition lock set,Juego de cerraduras (switch de encendido)
Bajaj,Discover / Platina,Rear-view mirrors,Mirrors,discovermirror.jpeg,Rear-view mirrors,Espejos retrovisores
Bajaj,Discover / Platina,Headlight bulb,Headlight bulb,hlbulb.jpeg,Headlight bulb,Bombillo de faro
Bajaj,Discover / Platina,Spark plug,Spark plug,sparkplug.png,Spark plug,Bujía
Bajaj,Discover / Platina,Oil filter,Oil filter,oilfilter.jpeg,Oil filter,Filtro de aceite
Bajaj,Discover / Platina,Air filter element,Air filter,platinafilter.jpeg,Air filter element,Filtro de aire
Bajaj,Discover / Platina,Cylinder block,Cylinder block,platinablock.png,Cylinder block,Cilindro (bloque)
Bajaj,Discover / Platina,Engine valves,Valves,valve.jpeg,Engine valves,Válvulas
Bajaj,Discover / Platina,Bearings,Bearings,bearing.png,Bearings,Rodamientos (baleros)
Bajaj,Discover / Platina,Chain and sprocket kit,Chain & sprocket kit,boxerchain.png,Chain and sprocket kit,Kit de arrastre (cadena y piñón)
Bajaj,Discover / Platina,Oil seal set,Oil seals,oilseal.png,Oil seal set,Retenes
Bajaj,Discover / Platina,Timing chain kit,Timing chain kit,timingchain.png,Timing chain kit,Kit de distribución (cadenilla)
TVS,Star HLX 125,Accelerator cable,Accelerator cable,boxeracccable.jpeg,Accelerator cable,Cable de acelerador
TVS,Star HLX 125,Brake cable,Brake cable,boxerbrakecable.png,Brake cable,Cable de freno
TVS,Star HLX 125,Clutch cable,Clutch cable,boxerclutchcable.jpeg,Clutch cable,Cable de embrague
TVS,Star HLX 125,Speedometer cable,Speedometer cable,starmtrcable.jpeg,Speedometer cable,Cable de velocímetro
TVS,Star HLX 125,Brake shoes,Brake shoes,tvsbrakeshoe.jpeg,Brake shoes,Bandas de freno
TVS,Star HLX 125,Clutch friction plates,Clutch plates,clutchplate.png,Clutch friction plates,Discos de embrague
TVS,Star HLX 125,Clutch pressure plate,Pressure plate,pressureplate.png,Clutch pressure plate,Plato de presión
TVS,Star HLX 125,Complete clutch assembly,Clutch assembly,tvsclutchassy.png,Complete clutch assembly,Conjunto de embrague (kit)
TVS,Star HLX 125,Front shock absorbers / fork,Front shock absorbers,tvsstarfrshock.png,Front shock absorbers / fork,Amortiguadores delanteros (barras)
TVS,Star HLX 125,Rear shock absorbers,Rear shock absorbers,tvsrearshock.jpeg,Rear shock absorbers,Amortiguadores traseros
TVS,Star HLX 125,Brake lever,Brake lever,tvslever.jpeg,Brake lever,Maneta de freno
TVS,Star HLX 125,Clutch lever,Clutch lever,tvslever.jpeg,Clutch lever,Maneta de embrague
TVS,Star HLX 125,Turn-signal indicators,Indicators,tvsind.jpeg,Turn-signal indicators,Direccionales (intermitentes)
TVS,Star HLX 125,Right handlebar switch,RH handlebar switch,tvshl.png,Right handlebar switch,Mando derecho de manubrio
TVS,Star HLX 125,Left handlebar switch,LH handlebar switch,tvshl.png,Left handlebar switch,Mando izquierdo de manubrio
TVS,Star HLX 125,CDI ignition module,CDI unit,tvscdi.png,CDI ignition module,Módulo CDI
TVS,Star HLX 125,Ignition (HT) coil,Ignition coil,boxerhtcoil.png,Ignition (HT) coil,Bobina de encendido
TVS,Star HLX 125,Ignition lock set,Lockset,starlockset.png,Ignition lock set,Juego de cerraduras (switch de encendido)
TVS,Star HLX 125,Headlight bulb,Headlight bulb,hlbulb.jpeg,Headlight bulb,Bombillo de faro
TVS,Star HLX 125,Spark plug,Spark plug,sparkplug.png,Spark plug,Bujía
TVS,Star HLX 125,Oil filter,Oil filter,oilfilter.jpeg,Oil filter,Filtro de aceite
TVS,Star HLX 125,Air filter element,Air filter,starairfilter.jpeg,Air filter element,Filtro de aire
TVS,Star HLX 125,Cylinder block,Cylinder block,starblock.png,Cylinder block,Cilindro (bloque)
TVS,Star HLX 125,Engine valves,Valves,valve.jpeg,Engine valves,Válvulas
TVS,Star HLX 125,Bearings,Bearings,bearing.png,Bearings,Rodamientos (baleros)
TVS,Star HLX 125,Chain and sprocket kit,Chain & sprocket kit,boxerchain.png,Chain and sprocket kit,Kit de arrastre (cadena y piñón)
TVS,Star HLX 125,Oil seal set,Oil seals,oilseal.png,Oil seal set,Retenes
TVS,Star HLX 125,Timing chain kit,Timing chain kit,timingchain.png,Timing chain kit,Kit de distribución (cadenilla)
TVS,HLX 150,Accelerator cable,Accelerator cable,boxeracccable.jpeg,Accelerator cable,Cable de acelerador
TVS,HLX 150,Brake cable,Brake cable,boxerbrakecable.png,Brake cable,Cable de freno
TVS,HLX 150,Clutch cable,Clutch cable,boxerclutchcable.png,Clutch cable,Cable de embrague
TVS,HLX 150,Speedometer cable,Speedometer cable,starmtrcable.jpeg,Speedometer cable,Cable de velocímetro
TVS,HLX 150,Brake shoes,Brake shoes,tvsbrakeshoe.jpeg,Brake shoes,Bandas de freno
TVS,HLX 150,Clutch friction plates,Clutch plates,clutchplate.png,Clutch friction plates,Discos de embrague
TVS,HLX 150,Clutch pressure plate,Pressure plate,pressureplate.png,Clutch pressure plate,Plato de presión
TVS,HLX 150,Complete clutch assembly,Clutch assembly,tvsclutchassy.png,Complete clutch assembly,Conjunto de embrague (kit)
TVS,HLX 150,Front shock absorbers / fork,Front shock absorbers,tvsstarfrshock.png,Front shock absorbers / fork,Amortiguadores delanteros (barras)
TVS,HLX 150,Rear shock absorbers,Rear shock absorbers,hlxshock.png,Rear shock absorbers,Amortiguadores traseros
TVS,HLX 150,Brake lever,Brake lever,tvsbrakeshoe.jpeg,Brake lever,Maneta de freno
TVS,HLX 150,Clutch lever,Clutch lever,tvsbrakeshoe.jpeg,Clutch lever,Maneta de embrague
TVS,HLX 150,Turn-signal indicators,Indicators,hlxind.jpeg,Turn-signal indicators,Direccionales (intermitentes)
TVS,HLX 150,Right handlebar switch,RH handlebar switch,hlxrhbar.jpeg,Right handlebar switch,Mando derecho de manubrio
TVS,HLX 150,Left handlebar switch,LH handlebar switch,hlxlhbar.jpeg,Left handlebar switch,Mando izquierdo de manubrio
TVS,HLX 150,CDI ignition module,CDI unit,hlxcdi.jpeg,CDI ignition module,Módulo CDI
TVS,HLX 150,Ignition (HT) coil,Ignition coil,hlxhtcoil.png,Ignition (HT) coil,Bobina de encendido
TVS,HLX 150,Ignition lock set,Lockset,hlxjpeg.jpeg,Ignition lock set,Juego de cerraduras (switch de encendido)
TVS,HLX 150,Headlight bulb,Headlight bulb,hlbulb.jpeg,Headlight bulb,Bombillo de faro
TVS,HLX 150,Spark plug,Spark plug,sparkplug.png,Spark plug,Bujía
TVS,HLX 150,Oil filter,Oil filter,oilfilter.jpeg,Oil filter,Filtro de aceite
TVS,HLX 150,Air filter element,Air filter,hlxairfilter.jpeg,Air filter element,Filtro de aire
TVS,HLX 150,Cylinder block,Cylinder block,hlxblock.jpeg,Cylinder block,Cilindro (bloque)
TVS,HLX 150,Engine valves,Valves,valve.jpeg,Engine valves,Válvulas
TVS,HLX 150,Bearings,Bearings,bearing.png,Bearings,Rodamientos (baleros)
TVS,HLX 150,Chain and sprocket kit,Chain & sprocket kit,boxerchain.png,Chain and sprocket kit,Kit de arrastre (cadena y piñón)
TVS,HLX 150,Oil seal set,Oil seals,oilseal.png,Oil seal set,Retenes
TVS,HLX 150,Timing chain kit,Timing chain kit,timingchain.png,Timing chain kit,Kit de distribución (cadenilla)
TVS,Apache RTR 160,Accelerator cable,Accelerator cable,rtracccable.png,Accelerator cable,Cable de acelerador
TVS,Apache RTR 160,Brake cable,Brake cable,boxerbrakecable.png,Brake cable,Cable de freno
TVS,Apache RTR 160,Clutch cable,Clutch cable,rtrclutchcable.jpeg,Clutch cable,Cable de embrague
TVS,Apache RTR 160,Speedometer cable,Speedometer cable,rtrmtrcable.png,Speedometer cable,Cable de velocímetro
TVS,Apache RTR 160,Brake shoes,Brake shoes,tvsbrakeshoe.jpeg,Brake shoes,Bandas de freno
TVS,Apache RTR 160,Clutch friction plates,Clutch plates,clutchplate.png,Clutch friction plates,Discos de embrague
TVS,Apache RTR 160,Clutch pressure plate,Pressure plate,pressureplate.png,Clutch pressure plate,Plato de presión
TVS,Apache RTR 160,Complete clutch assembly,Clutch assembly,rtrclutchassy.png,Complete clutch assembly,Conjunto de embrague (kit)
TVS,Apache RTR 160,Front shock absorbers / fork,Front shock absorbers,rtrfrshock.png,Front shock absorbers / fork,Amortiguadores delanteros (barras)
TVS,Apache RTR 160,Rear shock absorbers,Rear shock absorbers,rtrrearshock.png,Rear shock absorbers,Amortiguadores traseros
TVS,Apache RTR 160,Brake lever,Brake lever,rtrlever.jpeg,Brake lever,Maneta de freno
TVS,Apache RTR 160,Clutch lever,Clutch lever,rtrlever.jpeg,Clutch lever,Maneta de embrague
TVS,Apache RTR 160,Turn-signal indicators,Indicators,rtrind.png,Turn-signal indicators,Direccionales (intermitentes)
TVS,Apache RTR 160,Right handlebar switch,RH handlebar switch,rtrrhbar.png,Right handlebar switch,Mando derecho de manubrio
TVS,Apache RTR 160,Left handlebar switch,LH handlebar switch,rtrlhbar.png,Left handlebar switch,Mando izquierdo de manubrio
TVS,Apache RTR 160,CDI ignition module,CDI unit,rtrcdi.jpeg,CDI ignition module,Módulo CDI
TVS,Apache RTR 160,Ignition (HT) coil,Ignition coil,rtrhtcoil.png,Ignition (HT) coil,Bobina de encendido
TVS,Apache RTR 160,Ignition lock set,Lockset,rtrlockset.png,Ignition lock set,Juego de cerraduras (switch de encendido)
TVS,Apache RTR 160,Rear-view mirrors,Mirrors,rtrmirror.png,Rear-view mirrors,Espejos retrovisores
TVS,Apache RTR 160,Headlight bulb,Headlight bulb,hlbulb.jpeg,Headlight bulb,Bombillo de faro
TVS,Apache RTR 160,Spark plug,Spark plug,sparkplug.png,Spark plug,Bujía
TVS,Apache RTR 160,Oil filter,Oil filter,oilfilter.jpeg,Oil filter,Filtro de aceite
TVS,Apache RTR 160,Air filter element,Air filter,tvsairfilter.png,Air filter element,Filtro de aire
TVS,Apache RTR 160,Cylinder block,Cylinder block,rtrblockpiston.png,Cylinder block,Cilindro (bloque)
TVS,Apache RTR 160,Engine valves,Valves,valve.jpeg,Engine valves,Válvulas
TVS,Apache RTR 160,Bearings,Bearings,bearing.png,Bearings,Rodamientos (baleros)
TVS,Apache RTR 160,Chain and sprocket kit,Chain & sprocket kit,rtrchain.jpeg,Chain and sprocket kit,Kit de arrastre (cadena y piñón)
TVS,Apache RTR 160,Oil seal set,Oil seals,oilseal.png,Oil seal set,Retenes
TVS,Apache RTR 160,Timing chain kit,Timing chain kit,timingchain.png,Timing chain kit,Kit de distribución (cadenilla)
Hero,Hunk,Accelerator cable,Accelerator cable,boxeracccable.jpeg,Accelerator cable,Cable de acelerador
Hero,Hunk,Brake cable,Brake cable,boxerbrakecable.png,Brake cable,Cable de freno
Hero,Hunk,Clutch cable,Clutch cable,hunkclutchcable.png,Clutch cable,Cable de embrague
Hero,Hunk,Speedometer cable,Speedometer cable,hunkmtrcable.jpeg,Speedometer cable,Cable de velocímetro
Hero,Hunk,Brake shoes,Brake shoes,hunkbrakeshoe.png,Brake shoes,Bandas de freno
Hero,Hunk,Clutch friction plates,Clutch plates,clutchplate.png,Clutch friction plates,Discos de embrague
Hero,Hunk,Clutch pressure plate,Pressure plate,pressureplate.png,Clutch pressure plate,Plato de presión
Hero,Hunk,Complete clutch assembly,Clutch assembly,hunkclutchassy.png,Complete clutch assembly,Conjunto de embrague (kit)
Hero,Hunk,Front shock absorbers / fork,Front shock absorbers,hunkfrshock.png,Front shock absorbers / fork,Amortiguadores delanteros (barras)
Hero,Hunk,Rear shock absorbers,Rear shock absorbers,hunkrearshock.png,Rear shock absorbers,Amortiguadores traseros
Hero,Hunk,Brake lever,Brake lever,hunkbrakelever.png,Brake lever,Maneta de freno
Hero,Hunk,Clutch lever,Clutch lever,hunkclutchlever.png,Clutch lever,Maneta de embrague
Hero,Hunk,Turn-signal indicators,Indicators,hunkind.jpeg,Turn-signal indicators,Direccionales (intermitentes)
Hero,Hunk,Right handlebar switch,RH handlebar switch,hunkrhbar.png,Right handlebar switch,Mando derecho de manubrio
Hero,Hunk,Left handlebar switch,LH handlebar switch,hunklhswitch.png,Left handlebar switch,Mando izquierdo de manubrio
Hero,Hunk,CDI ignition module,CDI unit,hunkcdi.png,CDI ignition module,Módulo CDI
Hero,Hunk,Ignition (HT) coil,Ignition coil,htcoil.png,Ignition (HT) coil,Bobina de encendido
Hero,Hunk,Ignition lock set,Lockset,hunklockset.jpeg,Ignition lock set,Juego de cerraduras (switch de encendido)
Hero,Hunk,Rear-view mirrors,Mirrors,hunkmirror.png,Rear-view mirrors,Espejos retrovisores
Hero,Hunk,Headlight bulb,Headlight bulb,hlbulb.jpeg,Headlight bulb,Bombillo de faro
Hero,Hunk,Spark plug,Spark plug,sparkplug.png,Spark plug,Bujía
Hero,Hunk,Air filter element,Air filter,hunkair.png,Air filter element,Filtro de aire
Hero,Hunk,Cylinder block,Cylinder block,hunkblock.png,Cylinder block,Cilindro (bloque)
Hero,Hunk,Engine valves,Valves,valve.jpeg,Engine valves,Válvulas
Hero,Hunk,Bearings,Bearings,bearing.png,Bearings,Rodamientos (baleros)
Hero,Hunk,Chain and sprocket kit,Chain & sprocket kit,hunkchain.png,Chain and sprocket kit,Kit de arrastre (cadena y piñón)
Hero,Hunk,Oil seal set,Oil seals,oilseal.png,Oil seal set,Retenes
Hero,Hunk,Timing chain kit,Timing chain kit,timingchain.png,Timing chain kit,Kit de distribución (cadenilla)
Hero,Eco Deluxe,Accelerator cable,Accelerator cable,boxeracccable.jpeg,Accelerator cable,Cable de acelerador
Hero,Eco Deluxe,Brake cable,Brake cable,boxerbrakecable.png,Brake cable,Cable de freno
Hero,Eco Deluxe,Clutch cable,Clutch cable,dlxclutchcable.png,Clutch cable,Cable de embrague
Hero,Eco Deluxe,Speedometer cable,Speedometer cable,dlxmtrcable.png,Speedometer cable,Cable de velocímetro
Hero,Eco Deluxe,Brake shoes,Brake shoes,hunkbrakeshoe.png,Brake shoes,Bandas de freno
Hero,Eco Deluxe,Clutch friction plates,Clutch plates,clutchplate.png,Clutch friction plates,Discos de embrague
Hero,Eco Deluxe,Clutch pressure plate,Pressure plate,pressureplate.png,Clutch pressure plate,Plato de presión
Hero,Eco Deluxe,Complete clutch assembly,Clutch assembly,dlxclutchassy.png,Complete clutch assembly,Conjunto de embrague (kit)
Hero,Eco Deluxe,Front shock absorbers / fork,Front shock absorbers,dlxfrshock.png,Front shock absorbers / fork,Amortiguadores delanteros (barras)
Hero,Eco Deluxe,Rear shock absorbers,Rear shock absorbers,dlxrearshock.png,Rear shock absorbers,Amortiguadores traseros
Hero,Eco Deluxe,Brake lever,Brake lever,dlxbrakelever.png,Brake lever,Maneta de freno
Hero,Eco Deluxe,Clutch lever,Clutch lever,dlxclutchlever.png,Clutch lever,Maneta de embrague
Hero,Eco Deluxe,Turn-signal indicators,Indicators,dlxind.jpeg,Turn-signal indicators,Direccionales (intermitentes)
Hero,Eco Deluxe,Right handlebar switch,RH handlebar switch,dlxrhhl.jpeg,Right handlebar switch,Mando derecho de manubrio
Hero,Eco Deluxe,Left handlebar switch,LH handlebar switch,dlxlhhl.png,Left handlebar switch,Mando izquierdo de manubrio
Hero,Eco Deluxe,CDI ignition module,CDI unit,dlxcdi.png,CDI ignition module,Módulo CDI
Hero,Eco Deluxe,Ignition (HT) coil,Ignition coil,htcoil.png,Ignition (HT) coil,Bobina de encendido
Hero,Eco Deluxe,Ignition lock set,Lockset,dlxlockset.png,Ignition lock set,Juego de cerraduras (switch de encendido)
Hero,Eco Deluxe,Rear-view mirrors,Mirrors,dlxmirror.png,Rear-view mirrors,Espejos retrovisores
Hero,Eco Deluxe,Headlight bulb,Headlight bulb,hlbulb.jpeg,Headlight bulb,Bombillo de faro
Hero,Eco Deluxe,Spark plug,Spark plug,sparkplug.png,Spark plug,Bujía
Hero,Eco Deluxe,Air filter element,Air filter,dlxair.jpeg,Air filter element,Filtro de aire
Hero,Eco Deluxe,Cylinder block,Cylinder block,dlxblock.png,Cylinder block,Cilindro (bloque)
Hero,Eco Deluxe,Engine valves,Valves,valve.jpeg,Engine valves,Válvulas
Hero,Eco Deluxe,Bearings,Bearings,bearing.png,Bearings,Rodamientos (baleros)
Hero,Eco Deluxe,Chain and sprocket kit,Chain & sprocket kit,hunkchain.png,Chain and sprocket kit,Kit de arrastre (cadena y piñón)
Hero,Eco Deluxe,Oil seal set,Oil seals,oilseal.png,Oil seal set,Retenes
Hero,Eco Deluxe,Timing chain kit,Timing chain kit,timingchain.png,Timing chain kit,Kit de distribución (cadenilla)
Hero,Splendor NXG,Accelerator cable,Accelerator cable,boxeracccable.jpeg,Accelerator cable,Cable de acelerador
Hero,Splendor NXG,Brake cable,Brake cable,boxerbrakecable.png,Brake cable,Cable de freno
Hero,Splendor NXG,Clutch cable,Clutch cable,dlxclutchcable.png,Clutch cable,Cable de embrague
Hero,Splendor NXG,Speedometer cable,Speedometer cable,dlxmtrcable.png,Speedometer cable,Cable de velocímetro
Hero,Splendor NXG,Brake shoes,Brake shoes,hunkbrakeshoe.png,Brake shoes,Bandas de freno
Hero,Splendor NXG,Clutch friction plates,Clutch plates,clutchplate.png,Clutch friction plates,Discos de embrague
Hero,Splendor NXG,Clutch pressure plate,Pressure plate,pressureplate.png,Clutch pressure plate,Plato de presión
Hero,Splendor NXG,Complete clutch assembly,Clutch assembly,dlxclutchassy.png,Complete clutch assembly,Conjunto de embrague (kit)
Hero,Splendor NXG,Front shock absorbers / fork,Front shock absorbers,dlxfrshock.png,Front shock absorbers / fork,Amortiguadores delanteros (barras)
Hero,Splendor NXG,Rear shock absorbers,Rear shock absorbers,dlxrearshock.png,Rear shock absorbers,Amortiguadores traseros
Hero,Splendor NXG,Brake lever,Brake lever,dlxbrakelever.png,Brake lever,Maneta de freno
Hero,Splendor NXG,Clutch lever,Clutch lever,dlxclutchlever.png,Clutch lever,Maneta de embrague
Hero,Splendor NXG,Turn-signal indicators,Indicators,splind.png,Turn-signal indicators,Direccionales (intermitentes)
Hero,Splendor NXG,Right handlebar switch,RH handlebar switch,dlxrhhl.jpeg,Right handlebar switch,Mando derecho de manubrio
Hero,Splendor NXG,Left handlebar switch,LH handlebar switch,dlxlhhl.png,Left handlebar switch,Mando izquierdo de manubrio
Hero,Splendor NXG,CDI ignition module,CDI unit,dlxcdi.png,CDI ignition module,Módulo CDI
Hero,Splendor NXG,Ignition (HT) coil,Ignition coil,htcoil.png,Ignition (HT) coil,Bobina de encendido
Hero,Splendor NXG,Ignition lock set,Lockset,spllockset.png,Ignition lock set,Juego de cerraduras (switch de encendido)
Hero,Splendor NXG,Rear-view mirrors,Mirrors,dlxmirror.png,Rear-view mirrors,Espejos retrovisores
Hero,Splendor NXG,Headlight bulb,Headlight bulb,hlbulb.jpeg,Headlight bulb,Bombillo de faro
Hero,Splendor NXG,Spark plug,Spark plug,sparkplug.png,Spark plug,Bujía
Hero,Splendor NXG,Air filter element,Air filter,dlxair.jpeg,Air filter element,Filtro de aire
Hero,Splendor NXG,Cylinder block,Cylinder block,splblock.png,Cylinder block,Cilindro (bloque)
Hero,Splendor NXG,Engine valves,Valves,valve.jpeg,Engine valves,Válvulas
Hero,Splendor NXG,Bearings,Bearings,bearing.png,Bearings,Rodamientos (baleros)
Hero,Splendor NXG,Chain and sprocket kit,Chain & sprocket kit,boxerchain.png,Chain and sprocket kit,Kit de arrastre (cadena y piñón)
Hero,Splendor NXG,Oil seal set,Oil seals,oilseal.png,Oil seal set,Retenes
Hero,Splendor NXG,Timing chain kit,Timing chain kit,timingchain.png,Timing chain kit,Kit de distribución (cadenilla)
